{
    "timestamp": "20250319_135149",
    "train_loss": [
        0.01572161168788753
    ],
    "val_loss": [
        0.01451276914711204
    ],
    "learning_rate": [
        1e-06
    ],
    "final_train_loss": 0.01572161168788753,
    "final_val_loss": 0.01451276914711204,
    "mse": 0.014511829242110252,
    "rmse": 0.12046505510807037,
    "mae": 0.06615011394023895,
    "r2_score": 0.5912843942642212,
    "speed_mse": 0.0015450787032023072,
    "flow_mse": 0.0005538088735193014,
    "occupancy_mse": 0.005338762886822224,
    "eta_mse": 0.05047363415360451,
    "speed_mae": 0.025339484214782715,
    "flow_mae": 0.01353791356086731,
    "occupancy_mae": 0.03345127031207085,
    "eta_mae": 0.1922357678413391,
    "speed_r2": 0.6020154356956482,
    "flow_r2": 0.8922868371009827,
    "occupancy_r2": 0.8501982688903809,
    "eta_r2": 0.04105806350708008
}