{
    "timestamp": "20250319_144555",
    "train_loss": [
        0.016013753938101942
    ],
    "val_loss": [
        0.014596971638643286
    ],
    "learning_rate": [
        1e-06
    ],
    "final_train_loss": 0.016013753938101942,
    "final_val_loss": 0.014596971638643286,
    "mse": 0.014596054330468178,
    "rmse": 0.12081412971019745,
    "mae": 0.06613150238990784,
    "r2_score": 0.5914955139160156,
    "speed_mse": 0.0015976432478055358,
    "flow_mse": 0.000455620902357623,
    "occupancy_mse": 0.005843916907906532,
    "eta_mse": 0.05067208409309387,
    "speed_mae": 0.02614518441259861,
    "flow_mae": 0.012326063588261604,
    "occupancy_mae": 0.03577886521816254,
    "eta_mae": 0.19233635067939758,
    "speed_r2": 0.6075692772865295,
    "flow_r2": 0.8930417895317078,
    "occupancy_r2": 0.8374816179275513,
    "eta_r2": 0.035323143005371094
}