{
    "timestamp": "20250319_142305",
    "train_loss": [
        0.016409243840024346
    ],
    "val_loss": [
        0.014560726622752311
    ],
    "learning_rate": [
        1e-06
    ],
    "final_train_loss": 0.016409243840024346,
    "final_val_loss": 0.014560726622752311,
    "mse": 0.014559673145413399,
    "rmse": 0.12066347151994705,
    "mae": 0.06509947031736374,
    "r2_score": 0.5957022905349731,
    "speed_mse": 0.001410790253430605,
    "flow_mse": 0.00046583852963522077,
    "occupancy_mse": 0.005339919123798609,
    "eta_mse": 0.04994339123368263,
    "speed_mae": 0.02400371991097927,
    "flow_mae": 0.01165466383099556,
    "occupancy_mae": 0.034144170582294464,
    "eta_mae": 0.18847449123859406,
    "speed_r2": 0.5871211290359497,
    "flow_r2": 0.919273853302002,
    "occupancy_r2": 0.8554495573043823,
    "eta_r2": 0.04402536153793335
}