{
    "timestamp": "20250319_014617",
    "train_loss": [
        0.016316409528023747,
        0.013974554240376804,
        0.013877228835220351,
        0.013814964731249133,
        0.013690882989248495
    ],
    "val_loss": [
        0.014025265107726215,
        0.013859047640447214,
        0.013801044158661251,
        0.013763283753091363,
        0.013565809771442299
    ],
    "lr": [
        0.001,
        0.001,
        0.001,
        0.001,
        0.001
    ],
    "final_train_loss": 0.013690882989248495,
    "final_val_loss": 0.013565809771442299
}