{
    "timestamp": "20250319_015636",
    "train_loss": [
        0.021164118390280807,
        0.014303084184375533,
        0.014090207621508666,
        0.013832469723310672,
        0.013685826369616214
    ],
    "val_loss": [
        0.014404029351107444,
        0.014143416319920379,
        0.013904714805613847,
        0.013676981729378177,
        0.013626481928405869
    ],
    "lr": [
        0.001,
        0.001,
        0.001,
        0.001,
        0.001
    ],
    "final_train_loss": 0.013685826369616214,
    "final_val_loss": 0.013626481928405869,
    "speed_mse": 0.001499468693509698,
    "flow_mse": 0.0005561066209338605,
    "occupancy_mse": 0.005557203199714422,
    "eta_mse": 0.048179227858781815,
    "speed_mae": 0.023117972537875175,
    "flow_mae": 0.013846955262124538,
    "occupancy_mae": 0.0360872708261013,
    "eta_mae": 0.18845999240875244,
    "speed_r2": 0.6023662090301514,
    "flow_r2": 0.8873670697212219,
    "occupancy_r2": 0.8484988808631897,
    "eta_r2": 0.08029228448867798
}