{
    "timestamp": "20250319_012716",
    "train_loss": [
        0.03754761703312397,
        0.02747208196669817,
        0.023312499467283487,
        0.022512812446802855,
        0.02180947382003069
    ],
    "val_loss": [
        0.03243010817095637,
        0.025028790347278118,
        0.023513169959187508,
        0.02279280172660947,
        0.02188347466289997
    ],
    "lr": [
        0.001,
        0.001,
        0.001,
        0.001,
        0.001
    ],
    "final_train_loss": 0.02180947382003069,
    "final_val_loss": 0.02188347466289997
}