{
    "timestamp": "20250319_013737",
    "train_loss": [
        0.019334396971255968,
        0.014432333109742906,
        0.014250452958487057,
        0.014098550955002958,
        0.014090452286039005
    ],
    "val_loss": [
        0.014499043508960753,
        0.014310598094609512,
        0.01406640381475163,
        0.014045941966710386,
        0.014020704536752146
    ],
    "lr": [
        0.001,
        0.001,
        0.001,
        0.001,
        0.001
    ],
    "final_train_loss": 0.014090452286039005,
    "final_val_loss": 0.014020704536752146
}