{
    "timestamp": "20250319_013012",
    "train_loss": [
        0.017228394271464248,
        0.014391272490698565,
        0.014329726782521942,
        0.014264995397842433,
        0.01398681825772522
    ],
    "val_loss": [
        0.014420102053814254,
        0.014298730749328425,
        0.01425338361210599,
        0.014101908070622546,
        0.013864299828174767
    ],
    "lr": [
        0.001,
        0.001,
        0.001,
        0.001,
        0.001
    ],
    "final_train_loss": 0.01398681825772522,
    "final_val_loss": 0.013864299828174767
}