{
    "timestamp": "20250319_160425",
    "epochs_trained": 5,
    "final_train_loss": 0.014376215636730194,
    "final_val_loss": 0.012833776883780956,
    "model_metrics": {
        "rmse": 3147.32421875,
        "mae": 1372.032470703125,
        "r2_score": 0.6326935887336731
    }
}