{
    "timestamp": "20250319_191802",
    "epochs_trained": 5,
    "max_epochs": 5,
    "patience": 10,
    "final_train_loss": 0.011786647140979767,
    "final_val_loss": 0.00908240582793951,
    "mse": 512.6435546875,
    "rmse": 22.641633987426758,
    "mae": 9.564534187316895,
    "r2_score": 0.7153863906860352,
    "speed_rmse": 14.00726318359375,
    "speed_mae": 9.501202583312988,
    "flow_rmse": 43.06230545043945,
    "flow_mae": 28.58104705810547
}