{
    "timestamp": "20250319_182211",
    "epochs_trained": 5,
    "max_epochs": 5,
    "patience": 10,
    "final_train_loss": 0.011760802008211613,
    "final_val_loss": 0.00915930513292551,
    "mse": 623.8320922851562,
    "rmse": 24.97663116455078,
    "mae": 10.54730224609375,
    "r2_score": 0.7139725089073181,
    "speed_rmse": 13.928247451782227,
    "speed_mae": 9.375466346740723,
    "flow_rmse": 47.97201156616211,
    "flow_mae": 32.641624450683594
}