{
    "timestamp": "20250319_194045",
    "epochs_trained": 5,
    "max_epochs": 5,
    "patience": 10,
    "final_train_loss": 0.011469175107777119,
    "final_val_loss": 0.008963163942098618,
    "mse": 499.64093017578125,
    "rmse": 22.352649688720703,
    "mae": 9.658709526062012,
    "r2_score": 0.7184158563613892,
    "speed_rmse": 13.936968803405762,
    "speed_mae": 9.507092475891113,
    "flow_rmse": 42.47718048095703,
    "flow_mae": 28.95529556274414
}